subreddit,dominant_topic,count
AI_Agents,7,566
AI_Agents,4,457
AI_Agents,0,228
AI_Agents,5,141
AI_Agents,6,92
AI_Agents,3,81
AI_Agents,1,78
AI_Agents,2,73
AI_Agents,8,44
AI_Agents,9,42
AIethics,2,20
AIethics,7,13
AIethics,0,13
AIethics,6,3
AIethics,3,1
AIethics,8,1
ArtificialInteligence,2,35214
ArtificialInteligence,6,34641
ArtificialInteligence,7,33964
ArtificialInteligence,0,32177
ArtificialInteligence,9,21415
ArtificialInteligence,4,19102
ArtificialInteligence,3,16605
ArtificialInteligence,8,11686
ArtificialInteligence,5,6760
ArtificialInteligence,1,3760
Astronomy,2,35218
Astronomy,3,24182
Astronomy,6,22861
Astronomy,7,10370
Astronomy,0,9709
Astronomy,8,6157
Astronomy,4,4866
Astronomy,5,2779
Astronomy,1,2280
Astronomy,9,1673
ChatGPT,6,430413
ChatGPT,0,244066
ChatGPT,3,214506
ChatGPT,7,175938
ChatGPT,9,168238
ChatGPT,2,166723
ChatGPT,4,159096
ChatGPT,1,82063
ChatGPT,5,81959
ChatGPT,8,79400
ComputerEngineering,8,6016
ComputerEngineering,7,4624
ComputerEngineering,4,2858
ComputerEngineering,6,1083
ComputerEngineering,0,662
ComputerEngineering,3,534
ComputerEngineering,2,506
ComputerEngineering,1,204
ComputerEngineering,5,145
ComputerEngineering,9,130
DataScienceMemes,4,20
DataScienceMemes,9,20
DataScienceMemes,0,18
DataScienceMemes,7,17
DataScienceMemes,1,16
DataScienceMemes,3,13
DataScienceMemes,8,10
DataScienceMemes,6,9
DataScienceMemes,2,4
EarthScience,2,464
EarthScience,7,153
EarthScience,6,124
EarthScience,0,101
EarthScience,8,100
EarthScience,3,99
EarthScience,4,64
EarthScience,1,26
EarthScience,5,12
EarthScience,9,12
ElectricalEngineering,8,52573
ElectricalEngineering,2,46501
ElectricalEngineering,7,38798
ElectricalEngineering,4,34460
ElectricalEngineering,6,24930
ElectricalEngineering,3,17044
ElectricalEngineering,0,12203
ElectricalEngineering,1,2783
ElectricalEngineering,5,2526
ElectricalEngineering,9,2101
Entrepreneur,7,224955
Entrepreneur,8,212245
Entrepreneur,6,122036
Entrepreneur,0,108749
Entrepreneur,2,34892
Entrepreneur,3,28686
Entrepreneur,4,24664
Entrepreneur,5,20058
Entrepreneur,1,14441
Entrepreneur,9,11121
EnvironmentalScience,2,3
EnvironmentalScience,3,2
EnvironmentalScience,6,2
EnvironmentalScience,8,1
EnvironmentalScience,7,1
EnvironmentalScience,9,1
Futurism,2,3093
Futurism,6,1899
Futurism,0,933
Futurism,3,631
Futurism,7,463
Futurism,8,323
Futurism,4,322
Futurism,5,142
Futurism,1,81
Futurism,9,66
Futurology,2,312655
Futurology,6,209865
Futurology,0,83806
Futurology,8,73169
Futurology,3,47649
Futurology,7,38282
Futurology,4,30559
Futurology,5,12153
Futurology,1,9226
Futurology,9,3526
Innovation,0,1930
Innovation,2,1704
Innovation,5,558
Innovation,7,381
Innovation,3,181
Innovation,4,173
Innovation,8,156
Innovation,6,131
Innovation,1,106
Innovation,9,40
LLM,4,115
LLM,1,85
LLM,7,77
LLM,0,48
LLM,6,30
LLM,8,27
LLM,3,16
LLM,5,14
LLM,9,9
LLM,2,2
MLQuestions,4,4417
MLQuestions,7,2765
MLQuestions,3,935
MLQuestions,0,744
MLQuestions,8,556
MLQuestions,6,401
MLQuestions,2,390
MLQuestions,9,158
MLQuestions,1,132
MLQuestions,5,128
MachineLearning,4,47984
MachineLearning,7,33334
MachineLearning,3,31763
MachineLearning,0,19164
MachineLearning,6,11243
MachineLearning,2,10302
MachineLearning,8,9124
MachineLearning,9,6012
MachineLearning,1,4065
MachineLearning,5,3284
MaterialsScience,2,602
MaterialsScience,7,593
MaterialsScience,8,473
MaterialsScience,3,301
MaterialsScience,4,228
MaterialsScience,6,193
MaterialsScience,0,156
MaterialsScience,1,34
MaterialsScience,9,31
MaterialsScience,5,29
MechanicalEngineering,8,52997
MechanicalEngineering,7,30437
MechanicalEngineering,6,16921
MechanicalEngineering,4,13982
MechanicalEngineering,2,13858
MechanicalEngineering,3,11246
MechanicalEngineering,0,7975
MechanicalEngineering,1,1640
MechanicalEngineering,5,1539
MechanicalEngineering,9,1091
OpenAI,6,73863
OpenAI,0,55673
OpenAI,4,41418
OpenAI,2,36361
OpenAI,3,34642
OpenAI,7,34490
OpenAI,5,21764
OpenAI,8,16563
OpenAI,1,9631
OpenAI,9,9446
Physics,2,56677
Physics,7,29571
Physics,3,23656
Physics,6,23609
Physics,4,14759
Physics,0,12929
Physics,8,10482
Physics,1,3744
Physics,9,2122
Physics,5,1541
Python,4,48613
Python,7,21215
Python,9,9112
Python,1,8562
Python,6,8506
Python,0,6728
Python,3,6054
Python,8,3382
Python,5,2290
Python,2,2277
QuantumComputing,7,3107
QuantumComputing,2,2107
QuantumComputing,4,1890
QuantumComputing,0,1739
QuantumComputing,8,1033
QuantumComputing,6,912
QuantumComputing,3,729
QuantumComputing,1,664
QuantumComputing,9,245
QuantumComputing,5,102
QuantumPhysics,2,5101
QuantumPhysics,7,1754
QuantumPhysics,3,1677
QuantumPhysics,6,1379
QuantumPhysics,0,1110
QuantumPhysics,4,1000
QuantumPhysics,1,566
QuantumPhysics,8,283
QuantumPhysics,9,184
QuantumPhysics,5,88
TechEntrepreneur,6,1
TechEntrepreneur,7,1
TechEntrepreneur,0,1
bigdata,7,562
bigdata,4,555
bigdata,0,431
bigdata,8,138
bigdata,3,98
bigdata,2,92
bigdata,6,71
bigdata,9,41
bigdata,5,41
bigdata,1,39
coding,4,2981
coding,7,2407
coding,6,861
coding,0,730
coding,3,574
coding,8,469
coding,2,370
coding,5,247
coding,1,165
coding,9,139
computerscience,4,10267
computerscience,7,9048
computerscience,8,4186
computerscience,1,3561
computerscience,6,3059
computerscience,3,2785
computerscience,0,2332
computerscience,2,1681
computerscience,5,431
computerscience,9,364
cscareerquestions,8,333472
cscareerquestions,7,198079
cscareerquestions,6,155633
cscareerquestions,1,73968
cscareerquestions,0,52607
cscareerquestions,4,51500
cscareerquestions,2,33845
cscareerquestions,3,26414
cscareerquestions,5,8280
cscareerquestions,9,4488
datascience,8,50918
datascience,7,49439
datascience,4,35360
datascience,0,20858
datascience,6,19138
datascience,1,18726
datascience,3,8859
datascience,2,7896
datascience,9,2128
datascience,5,2039
deeplearning,4,9924
deeplearning,7,6033
deeplearning,1,2711
deeplearning,3,2553
deeplearning,0,2412
deeplearning,6,1614
deeplearning,2,1360
deeplearning,9,1275
deeplearning,8,1063
deeplearning,5,720
futurescience,2,4
futurescience,0,1
futurescience,9,1
futurescience,6,1
gadgets,6,83702
gadgets,3,43789
gadgets,0,42876
gadgets,2,41913
gadgets,4,37168
gadgets,5,29100
gadgets,8,18968
gadgets,7,13775
gadgets,1,4475
gadgets,9,2140
genai,0,52
genai,4,44
genai,7,40
genai,6,37
genai,3,28
genai,9,14
genai,8,13
genai,2,12
genai,5,11
genai,1,11
learnjava,4,10246
learnjava,7,7773
learnjava,1,3814
learnjava,6,988
learnjava,3,814
learnjava,8,793
learnjava,0,756
learnjava,5,428
learnjava,9,257
learnjava,2,209
learnprogramming,7,160345
learnprogramming,4,142827
learnprogramming,5,43505
learnprogramming,8,42523
learnprogramming,6,38552
learnprogramming,3,19540
learnprogramming,0,17999
learnprogramming,1,9212
learnprogramming,2,8995
learnprogramming,9,4042
learnpython,4,131068
learnpython,7,48276
learnpython,3,15343
learnpython,6,12523
learnpython,0,7476
learnpython,8,5198
learnpython,1,4616
learnpython,9,3108
learnpython,2,2695
learnpython,5,2604
physicsmemes,2,14773
physicsmemes,6,13180
physicsmemes,3,9212
physicsmemes,0,7237
physicsmemes,4,6248
physicsmemes,7,6075
physicsmemes,8,3315
physicsmemes,1,2450
physicsmemes,9,1342
physicsmemes,5,1090
programming,4,113140
programming,7,57170
programming,6,56127
programming,0,36006
programming,8,26001
programming,3,24493
programming,2,16618
programming,5,8496
programming,1,5566
programming,9,5041
robotics,2,10977
robotics,4,9918
robotics,7,8519
robotics,6,5386
robotics,3,4116
robotics,8,4108
robotics,0,3193
robotics,1,2271
robotics,5,986
robotics,9,776
science,6,260929
science,2,255368
science,0,98288
science,3,51257
science,8,44619
science,7,40084
science,4,27815
science,1,14688
science,5,9831
science,9,3663
spaceflight,2,4124
spaceflight,6,1691
spaceflight,0,953
spaceflight,3,768
spaceflight,7,676
spaceflight,8,574
spaceflight,5,445
spaceflight,4,442
spaceflight,1,171
spaceflight,9,80
tech,2,22836
tech,6,21155
tech,0,9844
tech,3,7409
tech,7,4937
tech,8,4884
tech,4,4147
tech,5,2738
tech,1,957
tech,9,860
technews,6,62816
technews,0,39059
technews,2,32458
technews,3,18049
technews,8,17983
technews,4,16279
technews,5,14364
technews,7,11521
technews,1,2991
technews,9,2164
technology,6,1021270
technology,0,486242
technology,2,467150
technology,8,275565
technology,3,226772
technology,5,190382
technology,4,189661
technology,7,160668
technology,1,43772
technology,9,26635
webdev,7,165383
webdev,4,124601
webdev,6,65200
webdev,0,48539
webdev,3,43976
webdev,8,43132
webdev,1,33640
webdev,5,17771
webdev,2,13930
webdev,9,5697
